Actual;Predicted
3239.7;4332.15689925381
3812.18;4290.632948726732
3009.16;3819.4546663301217
8919.12;8972.428349971327
